{
  "accuracy": 0.400303260045489,
  "format_compliance": 0.7058377558756633,
  "correct": 528,
  "total": 1319
}