{
  "accuracy": 0.6141015921152388,
  "format_compliance": 0.8529188779378317,
  "correct": 810,
  "total": 1319
}