{
  "accuracy": 0.42077331311599697,
  "format_compliance": 0.7103866565579985,
  "correct": 555,
  "total": 1319
}