{
  "accuracy": 0.5405610310841547,
  "format_compliance": 0.8051554207733131,
  "correct": 713,
  "total": 1319
}