{
  "accuracy": 0.422289613343442,
  "format_compliance": 0.002274450341167551,
  "correct": 557,
  "total": 1319
}