{
  "accuracy": 0.5420773313115997,
  "format_compliance": 0.8119787717968158,
  "correct": 715,
  "total": 1319
}